2619	Discussion (
2620	Me
2621	Ask your question or share your insight about this lesson…
2622	to join the discussion
2623	Post
2624	Be the first to ask a question!
2625	Pinned
2626	Reply
2627	reply
2628	Your reply…
2629	streak bonus 🔥
2630	including +
2631	Level up!
2633	DR Congo
2636	started
2637	earned their certificate
2638	completed
2641	Advanced Excel & Data
2643	Close
2644	Business Taxation
2645	PMO Project Management
2646	IBIG E-LEARNING — Overview
2650	Project Management
2653	just completed
2654	Watch the demo
2655	+12 enrolled
2656	✨ Featured course
2657	12 countries
2659	From
2660	learners trust us
2661	Welcome to
2662	Certified
2663	Certificate earned! 🎉
2664	Verifiable certificates
2665	in the last 2 hours
2666	Completed
2667	Active courses
2668	Certified courses adapted to the African market — pay by Mobile Money, learn at your own pace, earn a certificate recognised in 12 countries.
2670	Module 4 / 8 in progress
2671	My dashboard
2672	Full catalogue
2673	← Learner area
2674	Administration
2676	Coupons & Promos
2677	Expand
2678	B2B Business
2679	Learner area
2680	Admin guide
2682	Paths
2683	Inactivity reminders
2684	Dashboard
2685	Payouts
2686	🌍 IBIG E-LEARNING — 12 French-speaking African countries
2687	🎓 New course available: AI & Automation for African SMEs
2688	🏆 Join the community of IBIG-certified professionals!
2689	📱 Orange Money · MTN · Wave · Moov accepted
2691	💰 Earn income
2692	Sign out
2693	Discover courses
2694	Guide & Help
2695	Weekly leagues
2696	Referral
2697	Loyalty programme
2698	Promote IBIG and earn commissions
2699	Join IBIG PARTNER →
2702	IBIG SARL — IBIG EDUFORM.
2703	Notify
2704	Profile
2705	Instructor area
2706	Close menu
2707	Sign up for free
2708	See the 25+ fields →
2709	Mark all read
2710	See all notifications
2711	My courses
2712	My area
2713	Main navigation
2714	Sign up
2715	the transcript
2716	(no output)
2717	expected:
2719	Run
2720	Running…
2722	ms
2723	Output
2725	tests passed
2726	All tests pass!
2727	See the solution
2728	🎉 Quiz passed!
2729	correct
2730	This quiz has no questions yet.
2731	Answers
2732	Quiz already passed
2733	Start again
2734	Retake the quiz
2735	Passing score:
2736	Required score:
2737	Submit the quiz
2738	Quick access, even offline
2739	Tap
2740	Tap the button
2741	Got it!
2742	at the bottom of Safari
2743	Scroll down and tap
2744	Install
2745	Install the app
2746	Install on iPhone/iPad
2747	Install IBIG E-LEARN on your home screen to access your courses offline.
2748	Later
2749	Add to Home Screen
2750	Connection restored
2751	Offline mode — some features are limited
2752	(optional)
2753	Review published! Thank you for your feedback.
2754	Click to rate
2755	Update my review
2756	Share your experience with this course…
2757	Post my review
2758	An error occurred. Please try again.
2759	Your review
2760	Your rating
2761	reviews
2763	AI learning assistant
2764	Ask SARA
2765	Sorry, an error occurred. Please try again in a moment.
2766	Ask your question…
2767	SARA can make mistakes. Check important information.
2768	Search courses, instructors...
2770	10 lessons completed
2771	2,000 points
2772	3 certificates earned
2773	3 courses completed
2774	3 days in a row
2775	30 days in a row
2776	50 lessons completed
2778	7 days in a row
2779	Collect 2,000 points
2780	Collect 500 points
2781	Ambassador
2782	Badges earned
2783	Library
2784	Certified
2785	Certified expert
2786	Multi-graduate
2787	Earn your first certificate
2788	Refer 5 friends
2789	Refer a friend
2790	First graduate
2791	First lesson
2792	Scholar
2793	Super referrer
2794	On a roll
2795	Complete your first course
2796	Complete your first lesson
2797	One month
2798	One week
2799	Get my certificate
2800	🎉 CONGRATULATIONS!
2801	🏆 Your certificate has been issued automatically
2802	View and download my certificate
2803	You have successfully completed
2804	⭐ Featured
2805	Central Africa
2806	East & Southern Africa
2807	West Africa
2808	North Africa
2810	Malagasy ariary
2811	Ethiopian birr
2812	Ghanaian cedi
2817	Algerian dinar
2818	Tunisian dinar
2819	Moroccan dirham
2820	US dollar
2824	CFA franc (CEMAC)
2825	CFA franc (WAEMU)
2826	Congolese franc
2827	Guinean franc
2828	Rwandan franc
2832	Egyptian pound
2836	Nigerian naira
2839	South African rand
2840	Mauritian rupee
2842	Select currency
2843	Kenyan shilling
2847	Light mode
2848	Dark mode
2850	Loading
2851	Recommended for you
2852	Add to favourites
2853	Remove from favourites
